Full Address,Lat,Lon
"1813 S. Hwy. 42 Indian Springs GA, 30216",33.2440178,-83.9206952
"580 Earnest Biles Dr. Jackson GA, 30233",33.2954039,-83.9481352
"625 W. 3rd St. Jackson GA, 30233",33.2934274,-83.973042
"576 Ernest Biles Rd. Jackson GA, 30233",33.2956289,-83.9489545
"351 E. 2nd St. Jackson GA, 30233",33.2952183,-83.9638311
"178 Ernest Biles Dr. Jackson GA, 30233",33.2974158,-83.9509683
"415 Ernest Biles Dr. Jackson GA, 30233",33.2976575,-83.9491044
"463 Ernest Biles Dr. Jackson GA, 30233",33.2975863,-83.949004
"151 N. Mimosa Ln. Jackson GA, 30233",33.2955118,-83.9690955
"576 Ernest Biles Dr. Jackson GA, 30233",33.2956289,-83.9489545
"181 N. Mulberry St. Jackson GA, 30233",33.2963471,-83.9669429
"307 E. Third St. Jackson GA, 30233",33.2944375,-83.9646204
"464 W. Third St. Jackson GA, 30233",33.2946968,-83.971234
"160 Carter Ave. Jackson GA, 30233",33.3020897,-83.9709967
"436 E. College St. Jackson GA, 30233",33.2928663,-83.9628893
"463 Earnest Biles Dr. Jackson GA, 30233",33.2975863,-83.949004
"565 Recreation Dr. Jackson GA, 30233",33.3009383,-83.9464975
"2707 B Hwy. 16, W Jackson GA, 30233",33.2619603,-84.0915848
"178 N. Benton St. Jackson GA, 30233",33.2955689,-83.9567535
"176 Lyons St. Jackson GA, 30233",33.2959382,-83.960486
"5744 Bells Ferry Rd. Acworth GA, 30102",34.0915434,-84.58008
"116 Brown Industrial Pkwy. Canton GA, 30101",34.237974,-84.468936
"271 Marietta Rd. Canton GA, 30114",34.2295391,-84.4912347
"160 McClure St. Canton GA, 30114",34.2252235,-84.4962772
"9870 Hwy. 92 Canton GA, 30114",34.2367621,-84.4907621
"3605 Marietta Hwy. Canton GA, 30114",34.1976944,-84.5078581
"1130 Bluffs Pkwy. Canton GA, 30114",34.2680096,-84.471504
"220 Brown Industrial Pkwy. Canton GA, 30114",34.2389821,-84.469645
"105 Lamar Haley Pkwy. Canton GA, 30114",34.2411852,-84.4746892
"90 North St. Canton GA, 30114",34.2377035,-84.4898908
"111 Academy St. Canton GA, 30114",34.2360782,-84.4923819
"133 Univeter Rd. Canton GA, 30114",34.201961,-84.505015
"149 Reinhardt College Pkwy. Canton GA, 30114",34.2568539,-84.4836522
"1083 Marietta Hwy. Canton GA, 30114",34.23129,-84.499465
"321 Lamar Haley Pkwy. Canton GA, 30114",34.2418077,-84.4764313
"151 Waleska St. Canton GA, 30114",34.242215,-84.492931
"100 North St. Canton GA, 30114",34.2376339,-84.4909462
"220 Oakside Ln. Canton GA, 30114",34.2466392,-84.4891447
"191 Lamar Haley Pkwy. Canton GA, 30114",34.2417826,-84.4736026
"1400 Oakside Dr. Canton GA, 30114",34.2494758,-84.4905741
"111 Brown Industrial Pkwy. Canton GA, 30114",34.2372972,-84.4699971
"2260 Sam Nelson Rd. Canton GA, 30114",34.277588,-84.526039
"3049 Marietta Hwy. Canton GA, 30114",34.206176,-84.5055251
"618 Redwood Ln. Canton GA, 30114",34.175365,-84.562498
"400 Belletta Dr. Canton GA, 30114",34.2602521,-84.4887824
"121 Waleska St. Canton GA, 30114",34.2398199,-84.4939842
" Canton GA, 30114",34.2367621,-84.4907621
"107 Mountain Brook Dr. Canton GA, 30115",34.1782075,-84.5045019
"1082 Univeter Rd. Canton GA, 30115",34.1942997,-84.4958075
"1219 Univeter Rd. Canton GA, 30115",34.1931801,-84.4928403
"470 Blalock Rd. Canton GA, 30115",34.148528,-84.476245
"1001 Univeter Rd. Canton GA, 30115",34.1945359,-84.4949882
"153 Beavers Rd. Canton GA, 30115",34.2304193,-84.3722832
"2420 Batesville Rd. Canton GA, 30115",34.159,-84.393596
" Canton GA, 30169",34.14,-84.3
"814 Mimosa Blvd. Roswell GA, 30075",34.0208203,-84.3639906
"7545 N. Main St. Woodstock GA, 30188",34.1144504,-84.5126392
"7545 Main St. Woodstock GA, 30188",34.1144504,-84.5126392
"9740 Main St. Woodstock GA, 30188",34.0844077,-84.5206981
"8534 Main St. Woodstock GA, 30188",34.1017163,-84.5199758
"9425 Hwy. 92 Woodstock GA, 30188",34.0870691,-84.5325393
"7709 Turner Rd. Woodstock GA, 30188",34.121601,-84.431192
"556 Arnold Mill Rd. Woodstock GA, 30188",34.1149384,-84.4598415
"201 E. Bell Ferry Rd. Woodstock GA, 30189",34.1014873,-84.5193754
"295 Molly Ln. Woodstock GA, 30189",34.0835673,-84.5402524
"6551 Commerce Pkwy. Woodstock GA, 30189",34.1220343,-84.5869654
"4790 Yates Rd. College Park GA, 30337",33.6262613,-84.4871653
"1630 Phoenix Blvd. College Park GA, 30349",33.61334,-84.442723
"4031 Old River Rd. Ellenwood GA, 30294",33.6579849,-84.2443421
"5039 Saddle Creek Circle Ellenwood GA, 30294",33.6142135,-84.2762692
"320 Cash Memorial Blvd. Forest Park GA, 30297",33.6093056,-84.373977
"1000 Main St. Forest Park GA, 30297",33.6205692,-84.3573996
"634 Main St. Forest Park GA, 30297",33.6229988,-84.3693193
"803 Forest Pkwy. Forest Park GA, 30297",33.6193402,-84.363837
"732 Main St. Forest Park GA, 30297",33.6217002,-84.3660649
"769 Main St. Forest Park GA, 30297",33.6210692,-84.3648185
"978 Main St. Forest Park GA, 30297",33.6198175,-84.3580871
"4815 Courtney Dr. Forest Park GA, 30297",33.623039,-84.356257
"13550 Woolsey Rd. Hampton GA, 30228",33.3855202,-84.3679681
"8375 San Jose Trail Jonesboro GA, 30236",33.525664,-84.335701
"221 Stockbridge Rd. Jonesboro GA, 30236",33.5256069,-84.3485427
"1117 Battlecreek Rd. Jonesboro GA, 30236",33.552058,-84.354569
"696 Mt. Zion Rd. Jonesboro GA, 30236",33.5735373,-84.3679864
"9163 Tara Blvd. Jonesboro GA, 30236",33.5061354,-84.3561719
"2270 Mt. Zion Rd. Jonesboro GA, 30236",33.5599903,-84.3142879
"877 Battle Creek Rd. Jonesboro GA, 30236",33.552587,-84.363274
"9151 Tara Blvd. Jonesboro GA, 30236",33.5057703,-84.3573533
"865 Battle Creek Rd. Jonesboro GA, 30236",33.5532816,-84.3633539
"2300 Hwy. 138, SE Jonesboro GA, 30236",33.5355643,-84.3150391
"1058 Fifth Ave. Jonesboro GA, 30236",33.5363981,-84.3571982
"849 Battle Creek Rd. Jonesboro GA, 30236",33.554024,-84.36449
"158 S. Main St. Jonesboro GA, 30236",33.5182663,-84.3547073
"1287 Spur Hwy. 138 Jonesboro GA, 30236",33.5338184,-84.3703149
"121 S. McDonough St. Jonesboro GA, 30236",33.5210686,-84.3532394
"259  Arrowhead Blvd. Jonesboro GA, 30236",33.5761679,-84.3823254
"696 Battlecreek Rd. Jonesboro GA, 30236",33.55607,-84.3687264
"8030 Spivey Rd. Jonesboro GA, 30236",33.53945,-84.287239
"864 Southway Dr. Jonesboro GA, 30236",33.5388775,-84.3631541
"298 S. Main St. Jonesboro GA, 30236",33.507134,-84.3503787
"203 Hightower St. Jonesboro GA, 30236",33.5186549,-84.352452
"145 S. McDonough St. Jonesboro GA, 30236",33.5192892,-84.3508252
"1557 Teal Pl. Jonesboro GA, 30236",33.510435,-84.340518
"6805 Tara Blvd. Jonesboro GA, 30236",33.56826,-84.3723926
"879 Battle Creek Rd. Jonesboro GA, 30236",33.5531607,-84.3641713
"130 Spring St. Jonesboro GA, 30236",33.5253351,-84.3574578
"124 S. Main St. Jonesboro GA, 30236",33.520675,-84.3547428
"9570 Tara Blvd. Jonesboro GA, 30236",33.4942833,-84.3419178
"7960 N. Mcdonough St. Jonesboro GA, 30236",33.536594,-84.3487407
"1262 Government Cir. Jonesboro GA, 30236",33.535677,-84.3489839
"177 College St. Jonesboro GA, 30236",33.5186149,-84.362348
"7500 Chads Cir. Jonesboro GA, 30236",33.5491389,-84.306899
" Jonesboro GA, 30237",33.53,-84.36
"949 Pointe S. Pkwy. Jonesboro GA, 30238",33.5206852,-84.4201845
"737 Veteran's Pkwy. Jonesboro GA, 30238",33.5260109,-84.364873
"9800 Tara Blvd. Jonesboro GA, 30238",33.4884086,-84.3411574
"170 Flint River Rd. Jonesboro GA, 30238",33.517707,-84.385788
"9343 Thomas Rd. Jonesboro GA, 30238",33.501366,-84.405601
"591 Flint River Rd. Jonesboro GA, 30238",33.5193262,-84.3730603
" Lovejoy GA, 30250",33.44,-84.31
"7251 Mt. Zion Cir. Morrow GA, 30260",33.5570295,-84.3317901
"2000 Clayton State Blvd. Morrow GA, 30260",33.5944329,-84.330761
"6392 Murphy Dr. Morrow GA, 30260",33.5810655,-84.3376358
"4140 Jonesboro Rd. Morrow GA, 30260",33.5776916,-84.3410785
"7264 Southlake Pkwy. Morrow GA, 30260",33.556721,-84.337539
"6021 Maddox Rd. Morrow GA, 30260",33.5900861,-84.3160132
"5780 Jonesboro Rd. Morrow GA, 30260",33.5977905,-84.33728
"6670 Merchants Way Morrow GA, 30260",33.5732655,-84.3480209
" Morrow GA, 30287",33.5833908,-84.3380552
"6188 Hwy. 42 Rex GA, 30273",33.585683,-84.290963
"127 Rountree Dr. Riverdale GA, 30274",33.548152,-84.393063
"755 King Rd. Riverdale GA, 30274",33.579224,-84.414528
"6120 Hwy. 85 Riverdale GA, 30274",33.5878558,-84.4089286
"640 Hwy. 138, SW Riverdale GA, 30274",33.5468481,-84.4115801
"6741 Church St. Riverdale GA, 30274",33.57134,-84.41643
"223 Medical Center Dr. Riverdale GA, 30274",33.5726113,-84.4132594
"126 Hwy. 138 Riverdale GA, 30274",33.5397352,-84.3865365
"11 Upper Riverdale Rd., SW Riverdale GA, 30274",33.5793831,-84.3896726
"601 Denham St. Riverdale GA, 30274",33.5764152,-84.4099214
"804 Commerce Blvd. Riverdale GA, 30296",33.5472649,-84.4176062
"3385 Mars Hill Rd. Acworth GA, 30101",34.0372633,-84.6928516
"4489 Acworth Industrial Dr. Acworth GA, 30101",34.0621238,-84.6609616
"5345 Crossroads Dr. Acworth GA, 30102",34.0849938,-84.5816268
"4173 F. J. Kienel St., NW Acworth - Cobb GA, 30101",34.0728401,-84.6723555
"209 Northridge Dr. Acworth - Cobb GA, 30101",34.0737504,-84.650191
"4874 S. Atlanta Rd., SE Atlanta GA, 30339",33.8335852,-84.4646223
"2500 Windy Ridge Pkwy. Atlanta GA, 30339",33.9049764,-84.4565963
"240 Interstate N. Pkwy. Atlanta GA, 30339",33.8959887,-84.464552
"1820 The Exchange Atlanta GA, 30339",33.9071313,-84.4791835
"1830 Water Pl. Atlanta - Cobb GA, 30339",33.9088178,-84.4858634
" Austell GA, 30106",33.8126059,-84.6343783
"3950 Austell Rd. Austell GA, 30106",33.856383,-84.6044634
"3950 Austell Rd., SW Austell GA, 30106",33.8584839,-84.6003027
"875 Six Flags Dr. Austell GA, 30168",33.7769774,-84.5807258
"6133 Love St. Austell GA, 30168",33.8051276,-84.633492
" Austell GA, 30168",33.8126059,-84.6343783
"5900 Maxham Rd. Austell GA, 30168",33.811488,-84.6198845
"6289 Veterans Memorial Hwy. Austell GA, 30168",33.80641,-84.6426383
"975 Cobb Place Blvd. Kennesaw GA, 30144",34.008262,-84.5827694
"3333 Busbee Dr. Kennesaw GA, 30144",34.0310818,-84.5741785
"2985 Cherokee St. Kennesaw GA, 30144",34.0261721,-84.6104681
"2722 Summers St. Kennesaw GA, 30144",34.0179239,-84.6132204
"1291 Stanley Rd., NW Kennesaw GA, 30152",33.9871792,-84.6089899
"3522 Hiram Acworth Hwy. Kennesaw GA, 30152",34.0234337,-84.6154897
"1700 Dennis Kemp Ln. Kennesaw GA, 30152",33.9978349,-84.7011262
" Kennesaw GA, 30156",33.99,-84.65
"514 Gresham Rd. Mableton GA, 30126",33.8097114,-84.569249
"785 Fontaine Rd., SW Mableton GA, 30126",33.8209634,-84.577062
"6571 Valley Hill Dr. Mableton GA, 30126",33.794402,-84.5658119
"5385 Church St. Mableton GA, 30126",33.8226289,-84.581205
"6105 Mableton Pkwy. Mableton GA, 30126",33.8050889,-84.5685338
"5284 Floyd Rd. Mableton GA, 30126",33.8263869,-84.576814
"5601 N. Allen Rd. Mableton GA, 30126",33.8173255,-84.5442882
"6304 Fairburn Rd. Mableton GA, 30126",33.7499649,-84.5076278
"4485 Floyd Rd., SW Mableton GA, 30126",33.845067,-84.582552
"675 S. Gordon Rd. Mableton GA, 30126",33.788853,-84.574943
"6519 Factory Shoals Rd. Mableton GA, 30126",33.7954098,-84.572141
"2221 Austell Rd. Marietta GA, 30008",33.8993323,-84.5715038
"1792 County Services Pkwy. Marietta GA, 30008",33.9100405,-84.5821831
"47 Gramling St. Marietta GA, 30008",33.941005,-84.5517187
"1575 County Services Pkwy., SW Marietta GA, 30008",33.9155304,-84.58013
"1650 County Services Pkwy. Marietta GA, 30008",33.9131484,-84.5830883
"1650 County Services Rd. Marietta GA, 30008",33.9131484,-84.5830883
"1605 Roberta Dr. Marietta GA, 30008",33.9139414,-84.5563556
"1738 County Services Pkwy. Marietta GA, 30008",33.9122812,-84.58209
"1585 Roberta Dr. Marietta GA, 30008",33.9142518,-84.5565087
"30 S. Park Sq. Marietta GA, 30060",33.9520451,-84.5500251
"529 Manget St. Marietta GA, 30060",33.9396844,-84.5391233
"995 Roswell St., NE Marietta GA, 30060",33.951807,-84.5231526
"980 S. Cobb Dr. Marietta GA, 30060",33.929232,-84.5533532
"205 Lawrence St. Marietta GA, 30060",33.9535291,-84.5467845
"995 Roswell St. Marietta GA, 30060",33.951807,-84.5231526
"463 Commerce Park Dr. Marietta GA, 30060",33.9407312,-84.5310397
"240 Barber Rd. Marietta GA, 30060",33.9162547,-84.5460071
"678 S. Cobb Dr. Marietta GA, 30060",33.9358829,-84.5431032
"325 S. Fairground St., SE Marietta GA, 30060",33.9445446,-84.5346433
"461 Allgood Rd., NE Marietta GA, 30060",33.9628011,-84.5397248
"266 Roswell St., SE Marietta GA, 30060",33.9500185,-84.5440069
"729 Lawrence St. Marietta GA, 30060",33.9533475,-84.5306443
"316 Alexander St. Marietta GA, 30060",33.9472892,-84.545333
"590 Commerce Park Dr. Marietta GA, 30060",33.9401199,-84.5343137
"1507 Church St. Ext. Marietta GA, 30060",33.9780812,-84.5572481
"805 Campbell Hill St. Marietta GA, 30060",33.9711821,-84.5524393
"461 Manget St. Marietta GA, 30060",33.9410735,-84.5391663
"406 Roswell St. Marietta GA, 30060",33.9500734,-84.5402771
"1869 Cobb Pkwy., S Marietta GA, 30060",33.9069496,-84.4896125
"148 Fairground St., SE Marietta GA, 30060",33.9482898,-84.5362393
"1323 Roswell Rd. Marietta GA, 30060",33.9511307,-84.5135182
"55 Elizabeth Church Rd. Marietta GA, 30060",33.9773853,-84.5515768
"250 Howard St. Marietta GA, 30060",33.9575009,-84.5272974
"30 Atlanta St., SE Marietta GA, 30060",33.9513375,-84.5493248
"161 Church St. Marietta GA, 30060",33.9556175,-84.5504865
"189 Church St. Marietta GA, 30060",33.956794,-84.5507507
"202 Waterman St., SE Marietta GA, 30060",33.9480813,-84.5460438
"554 Schaffer Rd. Marietta GA, 30060",33.8985243,-84.5691911
"933 Roswell St. Marietta GA, 30060",33.9512025,-84.5249132
"787 Roswell St. Marietta GA, 30060",33.9511882,-84.5290991
"87 Lacy St. Marietta GA, 30060",33.9659704,-84.5538811
"161 Church St., NW Marietta GA, 30060",33.9556175,-84.5504865
"590 Washington Ave. Marietta GA, 30060",33.9518692,-84.534958
"220 Windy Hill Rd., SW Marietta GA, 30060",33.8947675,-84.5549614
" Marietta GA, 30060",33.9488147,-84.5379455
"492 N. Marietta Pkwy. Marietta GA, 30060",33.9580985,-84.5378048
"995 Roswell Rd. Marietta GA, 30060",33.951807,-84.5231526
"677 Church St. Marietta GA, 30060",33.9695872,-84.5516065
"822 Roswell St. Marietta GA, 30060",33.9503895,-84.5281425
" Marietta GA, 30061",33.9491123,-84.5507433
"514 Glover St. Marietta GA, 30061",33.9384014,-84.5380576
"2692 Sandy Plains Rd. Marietta GA, 30061",34.0148467,-84.4926187
"95 Cole St. Marietta GA, 30061",33.9541935,-84.5440425
"2325 Roswell Rd. Marietta GA, 30062",33.9746333,-84.4831792
"1355 Roswell Rd. Marietta GA, 30062",33.952198,-84.512302
"1501 Johnson Ferry Rd. Marietta GA, 30062",33.9862427,-84.4277506
"1407 Cobb Pkwy. Marietta GA, 30062",33.9851621,-84.5691773
"1083 Allgood Rd. Marietta GA, 30062",33.9781083,-84.5227253
"1055 E. Piedmont Rd., NE Marietta GA, 30062",33.9775933,-84.4811818
"1521 Evanston Ct. Marietta GA, 30062",33.991159,-84.509136
"220 N. Cobb Pkwy. Marietta GA, 30062",33.9558023,-84.5224992
"1140 Roswell Rd., SE Marietta GA, 30062",33.949304,-84.5177196
"2125 Dayron Cir. Marietta GA, 30062",34.003172,-84.483808
"4905 Roswell Rd. Marietta GA, 30062",33.9995577,-84.4077102
"1150 Powder Springs St. Marietta GA, 30064",33.9262739,-84.5741597
"649 Cheatham Hill Dr. Marietta GA, 30064",33.9400161,-84.5966442
" Marietta GA, 30064",33.952602,-84.5499327
"1245 Villa Rica Rd. Marietta GA, 30064",33.9244257,-84.6447785
"376 Powder Springs St. Marietta GA, 30064",33.9460902,-84.5509733
"566 Whitlock Ave. Marietta GA, 30064",33.95248,-84.5693741
"736 Whitlock Ave. Marietta GA, 30064",33.9535958,-84.5736801
"366 Powder Springs St. Marietta GA, 30064",33.9463833,-84.5509005
"48 Henderson St. Marietta GA, 30064",33.9508434,-84.5524926
"1255 Field Pkwy. Marietta GA, 30066",33.9833827,-84.5614893
"465 Big Shanty Rd. Marietta GA, 30066",34.026953,-84.566218
"571 Charing Cross Dr. Marietta GA, 30066",34.052817,-84.5334139
"2692 Sandy Plains Rd. Marietta GA, 30066",34.0148467,-84.4926187
"1480 Bells Ferry Rd. Marietta GA, 30066",33.9863532,-84.5539981
"1815 Blackwell Rd. Marietta GA, 30066",34.0416382,-84.5003064
"1348 Canton Rd. Marietta GA, 30066",33.9841154,-84.5364039
"900 Wylie Rd. Marietta GA, 30067",33.930037,-84.5065434
"1101 Northchase Pkwy., SE Marietta GA, 30067",33.9266084,-84.4806002
"1101 Northcase Pkwy. Marietta GA, 30067",33.9266084,-84.4806002
"995 Roswell St. Marietta GA, 30067",33.951807,-84.5231526
"2759 Delk Rd. Marietta GA, 30067",33.923889,-84.4727347
"1415 Franklin Rd., SE Marietta GA, 30067",33.9166854,-84.4949411
"1950 Spectrum Cir. Marietta GA, 30067",33.905892,-84.467682
"2560 Delk Rd. Marietta GA, 30067",33.9217058,-84.4786442
"131 Shadowlawn Rd. Marietta GA, 30067",33.9465799,-84.4448283
"2540 Windy Hill Rd. Marietta GA, 30067",33.8997546,-84.4794957
"736 Johnson Ferry Rd. Marietta GA, 30068",33.968545,-84.410276
"4938 Lower Roswell Rd. Marietta GA, 30068",33.9659499,-84.4064399
"736 Johnson Ferry Rd., Marietta GA, 30068",33.968545,-84.410276
"3401 Lower Roswell Rd. Marietta GA, 30068",33.9515458,-84.4528572
"1430 First St. Marietta GA, 30069",33.9191896,-84.5040631
"70 Haynes St. Marietta GA, 30090",33.952728,-84.5465865
"32 Waddell St. Marietta GA, 30090",33.9524779,-84.5478063
"12 E. Park Sq. Marietta GA, 30090",33.9524871,-84.5484974
"10 E. Park Sq. Marietta GA, 30090",33.9524982,-84.5486139
" Powder Springs GA, 30127",33.8595491,-84.683824
"4505 Jubilee Ct. Powder Springs GA, 30127",33.928755,-84.688703
"4075 Macland Rd. Powder Springs GA, 30127",33.9015747,-84.6722798
"3144 Macedonia Rd. Powder Springs GA, 30127",33.877018,-84.6457282
"2452 Spring Rd. Smyrna GA, 30080",33.8831435,-84.4824479
"2401 Lake Park Dr., SE Smyrna GA, 30080",33.8946802,-84.4869866
"3830 S. Cobb Dr. Smyrna GA, 30080",33.8601108,-84.5195553
"2051 Greenridge St. Smyrna GA, 30080",33.9039067,-84.5366732
" Smyrna GA, 30080",33.8806897,-84.5064881
"1870 Teasley Dr., SE Smyrna GA, 30080",33.8871051,-84.4983721
"3110 Sports Ave. Smyrna GA, 30080",33.8801986,-84.4783789
"1850 Lake Park Dr. Smyrna GA, 30080",33.8957618,-84.4907085
"460 Pat Mell Rd. Smyrna GA, 30080",33.901723,-84.5397475
"1625 Spring Rd., SE Smyrna GA, 30080",33.8823263,-84.5059336
"1861 Teasley Dr. Smyrna GA, 30080",33.8878843,-84.4987338
"1264 Concord Rd. Smyrna GA, 30080",33.8792622,-84.5173227
"3995 S. Cobb Dr. Smyrna GA, 30080",33.8566701,-84.512305
"1885 Roswell St. Smyrna GA, 30080",33.8945101,-84.5006532
"1540 Paces Ferry N. Smyrna GA, 30080",33.874645,-84.4996482
"4005 S. Cobb Dr., SE Smyrna GA, 30080",33.8564908,-84.5102409
"4300 King Springs Rd., SE Smyrna GA, 30082",33.8492714,-84.5217569
"240 Interstate N. Pkwy. Smyrna GA, 30339",33.8959887,-84.464552
"123 LaGrange St. Grantville GA, 30220",33.2325519,-84.8391813
"99 Brown School Dr. Grantville GA, 30220",33.2358245,-84.8269525
"770 Greison Tl. Newnan GA, 30263",33.3865788,-84.7866002
"29 Hospital Rd. Newnan GA, 30263",33.3879935,-84.8167863
"72 Wesley St. Newnan GA, 30263",33.3771876,-84.8064948
"106 W. Washington St. Newnan GA, 30263",33.3766053,-84.8116326
"160 Martin Luther King Jr., Dr. Newnan GA, 30263",33.3641921,-84.7839313
"53 Savannah St. Newnan GA, 30263",33.3704319,-84.7943215
"15 Perry St. Newnan GA, 30263",33.3732614,-84.7985983
"7 W. Washington St. Newnan GA, 30263",33.3754865,-84.8009606
"61 Hospital Rd. Newnan GA, 30263",33.395044,-84.81777
"22 Nimmons St. Newnan GA, 30263",33.366355,-84.800387
"78 Greenville St. Newnan GA, 30263",33.3692657,-84.7990776
"533 Hwy. 29 N. Newnan GA, 30263",33.4007896,-84.7931024
"70 Hospital Rd. Newnan GA, 30263",33.3952747,-84.8140145
"39 Hospital Rd. Newnan GA, 30263",33.3896372,-84.8169923
"52 Oliver Potts Rd. Newnan GA, 30263",33.4960426,-84.8251228
"29 Brown St. Newnan GA, 30263",33.376392,-84.801013
"8A Madison St. Newnan GA, 30263",33.3757738,-84.7981032
"1131 Hwy. 16 Newnan GA, 30263",33.4131957,-84.8440403
"19 Perry St. Newnan GA, 30263",33.373539,-84.7984309
"23 Bullsboro Dr. Newnan GA, 30263",33.3823393,-84.7906856
"150 Pine Rd. Newnan GA, 30263",33.3382523,-84.7920647
"255 Temple Ave. Newnan GA, 30263",33.3875931,-84.8202435
"12 Savannah St. Newnan GA, 30263",33.371217,-84.798464
"670 Jefferson St. Newnan GA, 30263",33.394725,-84.7672109
" Newnan GA, 30263",33.3806716,-84.7996573
"237 Jackson St. Newnan GA, 30264",33.3943952,-84.7997228
"72 Greenville St. Newnan GA, 30264",33.3696963,-84.7982412
"22 E. Broad St. Newnan GA, 30264",33.3746528,-84.7982485
"167 Werz Industrial Blvd. Newnan GA, 30264",33.4015553,-84.7627645
"2687 Hwy. 154 Newnan GA, 30265",33.4041333,-84.6808982
"85 Literary Lane Newnan GA, 30265",33.38561,-84.669793
"30 Bledsoe Rd. Newnan GA, 30265",33.399831,-84.751341
"745 Poplar Rd. Newnan GA, 30265",33.3572898,-84.7551404
"3 Village Rd. Newnan GA, 30265",33.3869291,-84.667212
"1385 Oxford Rd., NE Atlanta GA, 30307",33.7888245,-84.3270667
"1485 Woodland Ave., SE Atlanta GA, 30316",33.7141979,-84.3532555
"2046 Richard Allen Ln., SE Atlanta GA, 30316",33.7010191,-84.3065253
"20 Warren St., NE Atlanta GA, 30317",33.7536752,-84.3263602
"275 East Lake Blvd., SE Atlanta GA, 30317",33.7460591,-84.3148337
"30 Warren St. Atlanta GA, 30317",33.752569,-84.325672
"1330 N. Druid Hills Rd. Atlanta GA, 30319",33.854479,-84.3387317
"1366 N. Druid Hills Rd., NE Atlanta GA, 30319",33.8525998,-84.3387113
"1364 Clifton Rd. Atlanta GA, 30322",33.7921115,-84.3221599
"36 Eagle Row Atlanta GA, 30322",33.7911118,-84.3274568
"201 Dowman Dr. Atlanta GA, 30322",33.7894903,-84.3267716
"795 Gatewood Rd., NE Atlanta GA, 30329",33.7981217,-84.3188106
"2970 Clairmont Rd., NE Atlanta GA, 30329",33.8442124,-84.3160515
"3039 Briarcliff Rd., NE Atlanta GA, 30329",33.8369363,-84.3140666
"2676 Clairmont Rd., NE Atlanta GA, 30329",33.8340258,-84.3129291
"1924 Cliff Valley Way, NE Atlanta GA, 30329",33.8357817,-84.3243073
"1945 Cliff Valley Way Atlanta GA, 30329",33.8348895,-84.3258283
"3032 Briarcliff Rd. Atlanta GA, 30329",33.8379463,-84.3139614
"2250 N. Druid Hills Rd. Atlanta GA, 30329",33.8294114,-84.3310504
"2927 N. Druid Hills Rd. Atlanta GA, 30329",33.8155001,-84.3123691
"1920 Briarcliff Rd. Atlanta GA, 30329",33.8086416,-84.3346134
"12 Executive Park Dr. Atlanta GA, 30329",33.827941,-84.3378167
"2090 N. Druid Hills Rd. Atlanta GA, 30329",33.8336435,-84.3363256
"1821 Clifton Rd., NE Atlanta GA, 30329",33.8049285,-84.3311202
"1749 Clifton Rd., NE Atlanta GA, 30329",33.8019221,-84.3303324
"1825 Clifton Rd. Atlanta GA, 30329",33.8033869,-84.3322462
" Atlanta GA, 30333",33.8053664,-84.3367294
"3125 Presidential Pkwy. Atlanta GA, 30340",33.8806691,-84.2707299
"3434 Pleasantdale Rd. Atlanta GA, 30340",33.8882769,-84.2273252
"3773 Chamblee Tucker Rd. Atlanta GA, 30341",33.8821879,-84.2393995
"5582 Peachtree Rd. Atlanta GA, 30341",33.8966154,-84.294476
"2323 Perimeter Park Dr., NE Atlanta GA, 30341",33.9165029,-84.2917287
"2888 Woodcock Blvd. Atlanta GA, 30341",33.8765476,-84.2715327
"5238 Peachtree Rd. Atlanta GA, 30341",33.8889276,-84.3058879
"2305 Parklake Dr. Atlanta GA, 30345",33.8532549,-84.2478325
"2550 Pilgram Way Atlanta GA, 30345",33.8594725,-84.2955869
"2300 Henderson Mill Rd., NE Atlanta GA, 30345",33.8526881,-84.2598562
"2922 Payton Rd., NE Atlanta GA, 30345",33.853811,-84.269314
"41 Perimeter Ctr., E Atlanta GA, 30346",33.9241856,-84.3310953
"53 Perimeter Ctr., E Atlanta GA, 30346",33.9222841,-84.3314485
"8060 Roswell Rd. Atlanta GA, 30350",33.9752032,-84.3544901
" Atlanta GA, 30356",33.9477958,-84.3317716
" Atlanta GA, 30366",33.8959149,-84.2984592
"1017 Fayetteville Rd. Atlanta - DeKalb GA, 30316",33.7266416,-84.3219465
"935 E Confederate Ave., SE Atlanta - DeKalb GA, 30316",33.7238456,-84.358113
"2727 Bouldercrest Rd. Atlanta - DeKalb GA, 30316",33.6804854,-84.3093912
"1863 Memorial Dr., SE Atlanta - DeKalb GA, 30317",33.7458806,-84.3277662
"1599 Memorial Dr., SE Atlanta - DeKalb GA, 30317",33.7461024,-84.3360167
"2801 Buford Hwy., NE Atlanta - DeKalb GA, 30329",33.8303011,-84.3426509
" Atlanta - DeKalb GA, 30329",33.828105,-84.3279093
"1770 Century Blvd. Atlanta - DeKalb GA, 30345",33.8457762,-84.3142694
"2305 Parklake Dr. Atlanta - DeKalb GA, 30345",33.8532552,-84.2478005
"2000 Airport Rd. Chamblee GA, 30341",33.8777895,-84.304871
"3424 Hardee Ave. Chamblee GA, 30341",33.883692,-84.307636
"2800 Shallowford Rd. Chamblee GA, 30341",33.869669,-84.2906481
"3119 Shallowford Rd. Chamblee GA, 30341",33.8781899,-84.2868668
"5130 Peachtree Industrial Blvd. Chamblee GA, 30341",33.8892872,-84.3125235
"2426 Shallowford Terr. Chamblee GA, 30341",33.8772726,-84.2896898
"3375 Chamblee Dunwoody Rd. Chamblee GA, 30341",33.8924793,-84.2970174
"5463 Peachtree Rd. Chamblee GA, 30341",33.8938265,-84.2986061
" Chamblee GA, 30341",33.8920468,-84.2988126
"2050 Chamblee Tucker Rd. Chamblee GA, 30341",33.8861532,-84.3042437
"3550 Broad St. Chamblee GA, 30341",33.8965575,-84.3002904
"822 N. Indian Creek Dr. Clarkston GA, 30021",33.8001667,-84.2396945
"890 N. Indian Creek Dr. Clarkston GA, 30021",33.8025704,-84.2399953
"925 N. Indian Creek Dr. Clarkston GA, 30021",33.8037728,-84.2382245
"436-D N. Indian Creek Dr. Clarkston GA, 30021",33.7879348,-84.23525
"990 Iris Dr. Conyers GA, 30094",33.6581037,-84.0208731
"135 Maple St. Decatur GA, 30030",33.7764862,-84.2757839
"558 Medlock Rd. Decatur GA, 30030",33.7924799,-84.2904886
"125 Clairemont Ave. Decatur GA, 30030",33.7766908,-84.2961418
"246 Sycamore St. Decatur GA, 30030",33.7749101,-84.2929372
"450 E. Lake Dr. Decatur GA, 30030",33.7607621,-84.3087484
"160 Clairemont Ave. Decatur GA, 30030",33.7774757,-84.297008
"204 Church St. Decatur GA, 30030",33.771956,-84.295355
"445 Winn Way Decatur GA, 30030",33.7867201,-84.2786489
"455 Winn Way Decatur GA, 30030",33.7879129,-84.2785771
"178 Sams St. Decatur GA, 30030",33.7715192,-84.2817705
"556 N. McDonough St. Decatur GA, 30030",33.7740686,-84.2972218
"1300 Commerce Dr. Decatur GA, 30030",33.7742689,-84.2994178
"215 Sycamore St. Decatur GA, 30030",33.7741573,-84.2940387
"231 Sycamore St. Decatur GA, 30030",33.7740843,-84.2933411
"515 E. Ponce de Leon Ave. Decatur GA, 30030",33.7753359,-84.289043
"125 Electric Ave. Decatur GA, 30030",33.7729576,-84.3009182
"1100 Clairmont Ave. Decatur GA, 30030",33.7873898,-84.3074014
"750 Commerce Dr. Decatur GA, 30030",33.7782452,-84.293726
"1429 Church St. Decatur GA, 30030",33.7892927,-84.2873183
"862 Columbia Dr. Decatur GA, 30030",33.7615522,-84.2770367
"150 E. Ponce de Leon Ave. Decatur GA, 30030",33.775858,-84.2953243
"150 E. Ponce De Leon Ave. Decatur GA, 30030",33.775858,-84.2953243
" Decatur GA, 30030",33.7748275,-84.2963123
"300 E. Ponce de Leon Ave. Decatur GA, 30030",33.7763673,-84.2922825
"232 E. Lake Dr. Decatur GA, 30030",33.7626529,-84.3108945
"711 Columbia Dr. Decatur GA, 30030",33.7626297,-84.2790285
"444 Sycamore Dr. Decatur GA, 30030",33.7789349,-84.2823889
"440 Winn Way Decatur GA, 30030",33.7862959,-84.2799009
"2189 Ponce de Leon Ave. Decatur GA, 30030",33.7736753,-84.3146218
"222 E. Ponce De Leon Ave. Decatur GA, 30030",33.7758207,-84.2938887
"743-B E. College Ave. Decatur GA, 30030",33.7737771,-84.2831153
"2915 Midway Rd. Decatur GA, 30030",33.7546889,-84.2706682
"500 S. Columbia Dr. Decatur GA, 30030",33.7668742,-84.2810103
"440 Winn Way Decatur GA, 30031",33.7862959,-84.2799009
" Decatur GA, 30031",33.7752916,-84.3042618
"1399 Austin Dr. Decatur GA, 30032",33.7516586,-84.2344185
"1866 Eastfield St. Decatur GA, 30032",33.736816,-84.285281
"1522 Thomas Rd. Decatur GA, 30032",33.7486279,-84.2768022
"2067 Columbia Dr. Decatur GA, 30032",33.7289373,-84.2531847
"4380 Memorial Dr. Decatur GA, 30032",33.7779997,-84.2466799
"4309 Memorial Dr. Decatur GA, 30032",33.774101,-84.246632
"2005 S. Columbia Pl. Decatur GA, 30032",33.7326689,-84.2564131
"4298 Memorial Dr. Decatur GA, 30032",33.7748853,-84.2481299
"4151 Memorial Dr. Decatur GA, 30032",33.7691948,-84.2501143
"3408 Covington Hwy. Decatur GA, 30032",33.770155,-84.2517899
"1879 Columbia Dr. Decatur GA, 30032",33.7357048,-84.2532354
"1760 Candler Rd. Decatur GA, 30032",33.739759,-84.2877865
"3893 Covington Hwy. Decatur GA, 30032",33.7581876,-84.2422586
"3423 Covington Dr. Decatur GA, 30032",33.7610948,-84.2487437
"3500 Sherrydale Ln. Decatur GA, 30032",33.7462496,-84.2465882
"2560 Tilson Rd. Decatur GA, 30032",33.7280688,-84.291601
"1827 Columbia Dr. Decatur GA, 30032",33.7372523,-84.2524613
"2025 Ludovie Ln. Decatur GA, 30033",33.843083,-84.261877
"1552 Shoup Ct. Decatur GA, 30033",33.7990064,-84.3095307
"1850 Clairmont Rd. Decatur GA, 30033",33.8086335,-84.310355
"1814 Clairmont Rd. Decatur GA, 30033",33.8075742,-84.3105589
"2701 N. Decatur Rd. Decatur GA, 30033",33.7907835,-84.2828266
"774 Jordan Ln. Decatur GA, 30033",33.7992587,-84.2782709
"2645 N. Decatur Rd. Decatur GA, 30033",33.7920683,-84.2850139
"2107 N. Decatur Rd. Decatur GA, 30033",33.7902253,-84.3056727
"1700 Clairmont Rd. Decatur GA, 30033",33.8039158,-84.3117428
"2799 Lawrenceville Hwy. Decatur GA, 30033",33.8254576,-84.2556959
"632 Valley Brook Rd. Decatur GA, 30033",33.796144,-84.2638825
"1431-A McLendon Dr. Decatur GA, 30033",33.8223771,-84.2608792
"2754 N. Decatur Rd. Decatur GA, 30033",33.7933413,-84.280796
"1670 Clairmont Rd. Decatur GA, 30033",33.8018266,-84.3112983
"3009 Rainbow Dr. Decatur GA, 30034",33.7090813,-84.2670345
"4153 - C Flat Shoals Pkwy. Decatur GA, 30034",33.6878479,-84.2552842
"3073 Panthersville Rd. Decatur GA, 30034",33.6948558,-84.2725135
"4822 Flat Shoals Pkwy. Decatur GA, 30034",33.6830545,-84.230526
"3299 Rainbow Dr. Decatur GA, 30034",33.7108768,-84.2558886
"3260 Rainbow Dr. Decatur GA, 30034",33.7120971,-84.257247
"3837 Waldrop Ln. Decatur GA, 30034",33.6832909,-84.257554
"5285 Flat Shoals Pkwy. Decatur GA, 30034",33.6825014,-84.2141656
"2853 Candler Rd. Decatur GA, 30034",33.7064533,-84.2765742
"2565 Snapfinger Rd. Decatur GA, 30034",33.7046449,-84.2176343
"2964 Ember Dr. Decatur GA, 30034",33.7133377,-84.2666337
"3728 Boring Rd. Decatur GA, 30034",33.696004,-84.235414
"5036 Snapfinger Woods Dr. Decatur GA, 30035",33.71164,-84.1817313
"2501 Lantrac Ct. Decatur GA, 30035",33.7122872,-84.1753844
"5287 Covington Hwy. Decatur GA, 30035",33.7317301,-84.1986832
"1758 Atherton Dr. Decatur GA, 30035",33.739865,-84.223771
"2545 S. Hairston Rd. Decatur GA, 30035",33.7190579,-84.212356
"3610 Dekalb Technology Pkwy. Doraville GA, 30340",33.8832255,-84.2708605
"5879-B New Peachtree Rd. Doraville GA, 30340",33.8988123,-84.2825508
"5200-A Buford Hwy. Doraville GA, 30340",33.894389,-84.2842476
"2801 Clearview Pl. Doraville GA, 30340",33.8990559,-84.2719681
"2815 Clearview Ave. Doraville GA, 30340",33.9005668,-84.2732901
"5274 Chamblee Dunwoody Rd. Dunwoody GA, 30338",33.9421223,-84.331039
"4858 Wolverton Dr. Lithonia GA, 30038",33.675045,-84.192206
"3317 Panola Rd. Lithonia GA, 30038",33.689335,-84.176345
" Lithonia GA, 30038",33.6686489,-84.1329595
"1839 Phillips Rd. Lithonia GA, 30058",33.7380152,-84.1328286
"1185 Rock Chapel Rd. Lithonia GA, 30058",33.7581719,-84.0824106
"6878 Max Cleland Blvd. Lithonia GA, 30058",33.7135855,-84.1075328
"1992 Sewing Cir. Lithonia GA, 30058",33.73075,-84.146564
"2750 Panola Rd. Lithonia GA, 30058",33.7080295,-84.1672753
"5910 Hillandale Dr. Lithonia GA, 30058",33.7058401,-84.1480725
" Lithonia GA, 30058",33.7123305,-84.1051939
"1753 Stephenson Rd. Lithonia GA, 30058",33.761813,-84.0867532
"7119 Clifford St. Lithonia GA, 30058",33.706944,-84.097402
"4585 Park Dr. Pine Lake GA, 30072",33.7931967,-84.2065007
"479 Warren Ave. Scottdale GA, 30079",33.7900014,-84.2511959
"5384 Manor Dr. Stone Mountain GA, 30083",33.8072618,-84.1693763
"5300 Memorial Dr. Stone Mountain GA, 30083",33.8004798,-84.2217883
"1055 Lancashire Cir. Stone Mountain GA, 30083",33.8080969,-84.189987
"4900 Lewis Rd. Stone Mountain GA, 30083",33.8297841,-84.1881163
"1701 Mountain Industrial Blvd. Stone Mountain GA, 30083",33.8325897,-84.1946526
"5140 Memorial Dr. Stone Mountain GA, 30083",33.7957912,-84.2255275
"803 S. Hairston Rd. Stone Mountain GA, 30083",33.7744822,-84.1943588
"5582 Memorial Dr. Stone Mountain GA, 30083",33.8016793,-84.2096732
"4871 Memorial Dr. Stone Mountain GA, 30083",33.787618,-84.2315109
"949 Stephenson Rd. Stone Mountain GA, 30087",33.772272,-84.115426
"424 Orchards Walk Stone Mountain GA, 30087",33.787767,-84.112649
"7218 Sweetwater Valley Stone Mountain GA, 30087",33.78466,-84.096559
"6788 Rockbridge Rd. Stone Mountain GA, 30087",33.7866126,-84.1199256
"5107 Rocky Run Stone Mountain GA, 30088",33.749542,-84.181224
"2001 Montreal Rd. Tucker GA, 30084",33.8422441,-84.255705
"100 Crescent Centre Pkwy. Tucker GA, 30084",33.8379573,-84.2469921
"1400 Montreal Rd. Tucker GA, 30084",33.8241247,-84.2516478
"1901 Montreal Rd. Tucker GA, 30084",33.8387748,-84.2560656
"2082 E. Exchange Pl. Tucker GA, 30084",33.8444983,-84.2421004
"2060 E. Exchange Pl. Tucker GA, 30084",33.8445505,-84.2429638
"4823 N. Royal Atlanta Dr. Tucker GA, 30084",33.8589586,-84.1910777
"1990 Lakeside Pkwy. Tucker GA, 30084",33.8395712,-84.2403393
"PMB 362, 3939 Lavista Rd. Tucker GA, 30084",33.8434681,-84.255939
"2219 Idlewood Rd. Tucker GA, 30085",33.8497801,-84.2127434
"1401 Hosea L. Williams Dr., SE Atlanta GA, 30317",33.7530865,-84.3418419
"1441 Clifton Rd., NE Atlanta GA, 30322",33.7948708,-84.3203504
"3107 Clairmont Rd. Atlanta GA, 30329",33.8491799,-84.3154868
"1600 Clifton Rd. Atlanta GA, 30333",33.7983632,-84.3272197
"4549 Chamblee-Dunwoody Rd. Atlanta GA, 30338",33.9252488,-84.3145678
"3825 Presidential Pkwy. Atlanta GA, 30340",33.8882518,-84.2633861
"4000 DeKalb Tech Pkwy. Atlanta GA, 30340",33.8908308,-84.265173
"3180 Presidential Dr. Atlanta GA, 30340",33.8873982,-84.2590075
"3070 Presidential Pkwy. Atlanta GA, 30340",33.879143,-84.2706118
"4000 DeKalb Technology Pkwy. Atlanta GA, 30340",33.8908308,-84.265173
"3781 Presidential Pkwy. Atlanta GA, 30340",33.8862449,-84.265546
"900 Cir. 75 Pkwy. Atlanta GA, 30341",33.887467,-84.4679086
"3510 Shallowford Rd., NE Atlanta GA, 30341",33.8914865,-84.2869515
"4360 Chamblee Dunwoody Rd. Atlanta GA, 30341",33.9179714,-84.316657
"2100 Parklake Dr., NE Atlanta GA, 30345",33.8474863,-84.2502753
"2302 Parklake Dr. Atlanta GA, 30345",33.8537763,-84.2504556
"1800 Century Pl., NE Atlanta GA, 30345",33.8486684,-84.3137679
"369 Connecticut Ave., NE Atlanta - DeKalb GA, 30307",33.764254,-84.328202
"1815 S. Ponce de Leon Ave., NE Atlanta - DeKalb GA, 30307",33.769995,-84.327222
"1683 W. Caribaea Tl., SE Atlanta - DeKalb GA, 30316",33.701603,-84.321001
"930 Custer Ave. Atlanta - DeKalb GA, 30316",33.7174444,-84.35779
"1300 Constitution Rd., SE Atlanta - DeKalb GA, 30316",33.6900019,-84.336136
"1841 Clifton Rd., NE Atlanta - DeKalb GA, 30329",33.8060485,-84.3292275
"2250 N. Druid Hills Rd. Atlanta - DeKalb GA, 30329",33.8294126,-84.3309448
"3337 Buford Hwy. Atlanta - DeKalb GA, 30329",33.8416125,-84.3247962
"17 Executive Park Dr., NE Atlanta - DeKalb GA, 30329",33.8277034,-84.3391538
"60 Executive Park S., NE Atlanta - DeKalb GA, 30329",33.8268582,-84.3425348
"1955 Cliff Valley Way Atlanta - DeKalb GA, 30329",33.835215,-84.3253125
"1961 N. Druid Hills Rd., NE Atlanta - DeKalb GA, 30329",33.8342227,-84.3418499
"1901 Century Blvd. Atlanta - DeKalb GA, 30345",33.8454093,-84.3112986
"2300 Henderson Mill Rd. Atlanta - DeKalb GA, 30345",33.8526975,-84.2598571
"1900 Century Pl., NE Atlanta - DeKalb GA, 30345",33.848847,-84.310742
"2530 Peachwood Cir. Atlanta - DeKalb GA, 30345",33.8552287,-84.2950547
"1800 Century Pl., NE Atlanta - DeKalb GA, 30345",33.8486457,-84.3140925
"206 N. Clarendon Ave. Avondale Estates GA, 30002",33.7804702,-84.2642046
"3337 Buford Hwy. Briarcliff GA, 30329",33.8416125,-84.3247962
"3146 Chamblee Dunwoody Rd. Chamblee GA, 30341",33.889666,-84.2885556
"3669 N. Peachtree Rd. Chamblee GA, 30341",33.8993613,-84.2933806
"3807 Clairmont Rd., NE Chamblee GA, 30341",33.8719817,-84.3080078
"495 N. Indian Creek Dr. Clarkston GA, 30021",33.789886,-84.234184
"815 Park North Blvd. Clarkston GA, 30021",33.8011939,-84.2532307
"126 New St. Decatur GA, 30030",33.7725945,-84.2843588
"556 N. Mcdonough St. Decatur GA, 30030",33.7740686,-84.2972218
"One W. Court Sq. Decatur GA, 30030",33.7862683,-84.288284
"315 W. Ponce de Leon Ave. Decatur GA, 30030",33.776187,-84.3005038
"118 2 Ave. Decatur GA, 30030",33.7593756,-84.3100988
"2857 E. College Ave. Decatur GA, 30030",33.774661,-84.2733126
"1989 Austin Dr. Decatur GA, 30032",33.7317196,-84.2355709
"1295 Columbia Dr. Decatur GA, 30032",33.7510576,-84.2656565
"3065 Midway Rd. Decatur GA, 30032",33.754603,-84.264363
"3535 Woods Dr. Decatur GA, 30032",33.7233562,-84.2450862
"2165 Glendale Dr. Decatur GA, 30032",33.726381,-84.263718
"1551 Shoup Ct. Decatur GA, 30033",33.7993175,-84.3088518
"2785 Lawrenceville Hwy. Decatur GA, 30033",33.8252724,-84.2563185
"5036 Snapfinger Woods Dr. Decatur GA, 30034",33.71164,-84.1817313
"2823 Knollview Dr. Decatur GA, 30034",33.704094,-84.247109
"3110 Clifton Springs Rd. Decatur GA, 30034",33.693257,-84.2624492
"2946 Clifton Springs Rd. Decatur GA, 30034",33.691695,-84.276128
"2268 Clanton Ter. Decatur GA, 30034",33.7124373,-84.2979692
"3013 Rainbow Dr. Decatur GA, 30034",33.7084417,-84.266846
"3240 Clifton Springs Rd. Decatur GA, 30034",33.6919184,-84.2640753
"5240 Snapfinger Park Dr. Decatur GA, 30035",33.704214,-84.1763731
"2910 Miller Rd. Decatur GA, 30035",33.704586,-84.181404
"2030 Wesley Chapel Rd. Decatur GA, 30035",33.7303198,-84.2134203
"4319 Covington Hwy. Decatur GA, 30035",33.7488787,-84.2273613
"2000 Clearview Ave. Doraville GA, 30340",33.9003545,-84.2737788
" Doraville GA, 30340",33.8981579,-84.2832564
"3771 Central Ave. Doraville GA, 30340",33.9021302,-84.2778223
"5343 Roberts Dr. Dunwoody GA, 30338",33.956771,-84.3359141
"5342 Tilly Mill Rd. Dunwoody GA, 30338",33.9463766,-84.3047851
"3371 Lincolndale Ct. Ellenwood - DeKalb GA, 30294",33.650005,-84.252042
"4158 Klondike Rd. Lithonia GA, 30038",33.660007,-84.123971
"792 S. Deshon Rd. Lithonia GA, 30058",33.7730102,-84.1020627
"2538 Panola Rd. Lithonia GA, 30058",33.7141734,-84.1641597
"2801 DeKalb Medical Pkwy. Lithonia GA, 30058",33.7057547,-84.1479978
"2277 S. Stone Mountain-Lithonia Rd. Lithonia GA, 30058",33.740456,-84.1227522
"7579 Covington Hwy. Lithonia GA, 30058",33.705725,-84.113407
"3068 Stone Mountain St. Lithonia GA, 30058",33.714405,-84.1076619
"1701 Mountain Ind. Blvd. Stone Mountain GA, 30083",33.8325897,-84.1946526
"6212 B Memorial Dr. Stone Mountain GA, 30083",33.8080739,-84.1875246
"5405 Memorial Dr. Stone Mountain GA, 30083",33.7982813,-84.2166555
"791 Rays Rd. Stone Mountain GA, 30083",33.801164,-84.21977
"1362 Pine Cir. Stone Mountain GA, 30087",33.836751,-84.131259
"1455 Montreal Rd. Tucker GA, 30084",33.8256765,-84.2505375